{"cameraMode":{"drawMode":0,"name":"Shaded","section":"Shading Mode"},"sceneLighting":true,"audioPlay":false,"sceneViewState":{"showFog":true,"showMaterialUpdate":true,"showSkybox":true,"showFlares":true,"showImageEffects":true,"showParticleSystems":true},"in2DMode":false,"pivot":{"x":0.542357325553894,"y":-3.2348930835723879,"z":-3.198965072631836},"rotation":{"x":-0.06593777984380722,"y":-0.020952383056282998,"z":0.0013848436065018178,"w":-0.9976028203964233},"size":29.435815811157228,"orthographic":false}